唉,"āi

interjection or grunt of agreement or recognition (e.g. yes, it's me!)",,
安定,"āndìng

stable",,
安心,"ānxīn

at ease",,
按,"àn

to press",,
巴士,"bāshì

bus (loanword)",,
擺,"bǎi

to arrange",,
班機,"bānjī

airliner",,
半天,"bàntiān

half of the day",,
半夜,"bànyè

midnight",,
寶貴,"bǎoguì

valuable",,
保守,"bǎoshǒu

conservative",,
保證,"bǎozhèng

guarantee",,
北方,"běifāng

north",,
背景,"bèijǐng

background",,
笨,"bèn

stupid",,
逼,"bī

to compel",,
比如,"bǐrú

for example",,
標準,"biāozhǔn

(an official) standard",,
表達,"biǎodá

to express",,
表示,"biǎoshì

to express",,
博士,"bóshì

doctor",,
播,"bò

to sow",,
不論,"bùlùn

whatever",,
不幸,"bùxìng

misfortune",,
不得不,"bùdébù

have no choice or option but to",,
不得了,"bùdéliǎo

desperately serious",,
不管,"bùguǎn

not to be concerned",,
不滿,"bùmǎn

resentful",,
不足,"bùzú

insufficient",,
部門,"bùmén

department",,
材料,"cáiliào

material",,
層,"céng

layer",,
曾經,"céngjīng

once",,
產品,"chǎnpǐn

goods",,
產生,"chǎnshēng

to arise",,
成就,"chéngjiù

accomplishment",,
誠實,"chéngshí

honest",,
初,"chū

at first",,
出版,"chūbǎn

to publish",,
除了,"chúle

besides",,
處理,"chǔlǐ

to handle",,
串,"chuàn

to string together",,
創造,"chuàngzào

to create",,
吹,"chuī

to blow",,
刺激,"cìjī

to provoke",,
從來,"cónglái

always",,
挫折,"cuòzhé

setback",,
達成,"dáchéng

to reach (an agreement)",,
大陸,"dàlù

mainland China (reference to the PRC)",,
大約,"dàyuē

approximately",,
擔任,"dānrèn

to hold a governmental office or post",,
淡,"dàn

insipid",,
當地,"dāngdì

local",,
當天,"dàngtiān

on that day",,
當作,"dàngzuò

to treat as",,
倒,"dǎo

to fall",,
道德,"dàodé

virtue",,
道理,"dàolǐ

reason",,
地板,"dìbǎn

floor",,
地帶,"dìdài

zone",,
地理,"dìlǐ

geography",,
地區,"dìqū

local",,
電燈,"diàndēng

electric light",,
調查,"diàochá

investigation",,
東方,"dōngfāng

the East",,
獨特,"dútè

unique",,
讀者,"dúzhě

reader",,
段,"duàn

paragraph",,
嗯,"en

(a groaning sound)",,
發明,"fāmíng

to invent",,
法律,"fǎlǜ

law",,
翻,"fān

variant of 翻[fan1]",,
煩惱,"fánnǎo

to be worried",,
犯,"fàn

to violate",,
房客,"fángkè

tenant",,
房屋,"fángwū

house",,
服裝,"fúzhuāng

dress",,
付出,"fùchū

to pay",,
負擔,"fùdān

burden",,
改,"gǎi

to change",,
改進,"gǎijìn

to improve",,
趕,"gǎn

to overtake",,
趕快,"gǎnkuài

at once",,
趕上,"gǎnshàng

to keep up with",,
隔壁,"gébì

next door",,
革命,"gémìng

revolution",,
根,"gēn

root",,
更加,"gèngjiā

more (than sth else)",,
公尺,"gōngchǐ

meter (unit of length)",,
工業,"gōngyè

industry",,
溝通,"gōutōng

to join",,
購買,"gòumǎi

to purchase",,
古,"gǔ

ancient",,
古代,"gǔdài

ancient times",,
觀察,"guānchá

to observe",,
規模,"guīmó

scale",,
鬼,"guǐ

ghost",,
國內,"guónèi

domestic",,
國外,"guówài

abroad",,
還好,"háihǎo

not bad",,
海灘,"hǎitān

beach",,
海洋,"hǎiyáng

ocean",,
航空,"hángkōng

aviation",,
厚,"hòu

thick",,
忽然,"hūrán

suddenly",,
糊塗,"hútú

muddled",,
話題,"huàtí

subject (of a talk or conversation)",,
會議,"huìyì

meeting",,
婚姻,"hūnyīn

matrimony",,
基督教,"jīdūjiào

Christianity",,
激動,"jīdòng

to move emotionally",,
激烈,"jīliè

intense",,
機器,"jīqì

machine",,
擠,"jǐ

to crowd in",,
記錄,"jìlù

to record",,
記憶,"jìyì

to remember",,
紀念,"jìniàn

to commemorate",,
技巧,"jìqiǎo

skill",,
家長,"jiāzhǎng

head of a household",,
肩膀,"jiānbǎng

shoulder",,
堅持,"jiānchí

to persevere with",,
堅強,"jiānqiáng

staunch",,
建設,"jiànshè

to build",,
建議,"jiànyì

to propose",,
降低,"jiàngdī

to reduce",,
驕傲,"jiāoào

pride",,
教訓,"jiàoxun

lesson",,
結局,"jiéjú

conclusion",,
經費,"jīngfèi

funds",,
精神,"jīngshén

spirit",,
酒吧,"jiǔbā

bar",,
就要,"jiùyào

will",,
居住,"jūzhù

to reside",,
聚,"jù

to congregate",,
拒絕,"jùjué

to refuse",,
距離,"jùlí

distance",,
具有,"jùyǒu

to have",,
絕對,"juéduì

absolute",,
看法,"kànfǎ

way of looking at a thing",,
刻,"kè

quarter (hour)",,
科技,"kējì

science and technology",,
可惡,"kěwù

repulsive",,
肯,"kěn

to agree",,
恐怕,"kǒngpà

fear",,
口袋,"kǒudài

pocket",,
誇張,"kuāzhāng

to exaggerate",,
況且,"kuàngqiě

moreover",,
困難,"kùnnán

difficult",,
擴大,"kuòdà

to expand",,
老婆,"lǎopo

(coll.) wife",,
老是,"lǎoshì

always",,
淚,"lèi

tears",,
理想,"lǐxiǎng

an ideal",,
力量,"lìlìang

power",,
厲害,"lìhai

difficult to deal with",,
利用,"lìyòng

to exploit",,
領域,"lǐngyù

domain",,
令,"lìng

classifier for a ream of paper",,
流血,"liúxiě

to bleed",,
錄取,"lùqǔ

to accept an applicant (prospective student, employee etc) who passes an entrance exam",,
錄音,"lùyīn

to record (sound)",,
旅客,"lǚkè

traveler",,
律師,"lǜshī

lawyer",,
嘛,"ma

modal particle indicating that sth is obvious",,
貿易,"màoyì

(commercial) trade",,
沒什麼,"méishénme

nothing",,
美好,"měihǎo

beautiful",,
密切,"mìqiè

close",,
免費,"miǎnfèi

free (of charge)",,
秒,"miǎo

second (unit of time)",,
明顯,"míngxiǎn

clear",,
陌生,"mòshēng

strange",,
耐心,"nàixīn

to be patient",,
難怪,"nánguài

(it's) no wonder (that...)",,
年齡,"niánlíng

(a person's) age",,
農業,"nóngyè

agriculture",,
喔,"ō

I see",,
牌子,"páizi

sign",,
批評,"pīpíng

to criticize",,
皮膚,"pífū

skin",,
平等,"píngděng

equal",,
平原,"píngyuán

field",,
破,"pò

broken",,
氣溫,"qìwēn

air temperature",,
簽證,"qiānzhèng

visa",,
強調,"qiángdiào

to emphasize (a statement)",,
搶,"qiǎng

to fight over",,
親切,"qīnqiè

amiable",,
親手,"qīnshǒu

personally",,
青少年,"qīngshàonián

adolescent",,
情形,"qíngxíng

circumstances",,
確定,"quèdìng

definite",,
人家,"rénjiā

household",,
任務,"rènwù

mission",,
殺,"shā

to kill",,
傷害,"shānghài

to injure",,
商品,"shāngpǐn

commodity",,
蛇,"shé

snake",,
身高,"shēngāo

(a person's) height",,
身上,"shēnshàng

on the body",,
升,"shēng

variant of 升[sheng1]",,
生產,"shēngchǎn

to produce",,
獅子,"shīzi

Leo (star sign)",,
石油,"shíyóu

oil",,
時刻,"shíkè

time",,
實力,"shílì

strength",,
實行,"shíxíng

to implement",,
使用,"shǐyòng

to use",,
事業,"shìyè

undertaking",,
適應,"shìyìng

to adapt",,
市長,"shìzhǎng

mayor",,
蔬菜,"shūcài

vegetables",,
叔叔,"shúshu

father's younger brother",,
熟悉,"shoúxī

to be familiar with",,
刷牙,"shuāyá

to brush one's teeth",,
順利,"shùnlì

smoothly",,
思想,"sīxiǎng

thought",,
速度,"sùdù

speed",,
隨時,"suíshí

at any time",,
它,"tā

it",,
它們,"tāmen

they (for inanimate objects)",,
態度,"tàidù

manner",,
談話,"tánhuà

talk",,
討厭,"tǎoyàn

to dislike",,
特殊,"tèshū

special",,
題材,"tícái

subject matter",,
題目,"tímù

subject",,
體重,"tǐzhòng

body weight",,
天天,"tiāntiān

every day",,
甜點,"tiándiǎn

dessert",,
條件,"tiáojiàn

condition",,
通過,"tōngguò

by means of",,
痛苦,"tòngkǔ

pain",,
投資,"tóuzī

investment",,
突然,"túrán

sudden",,
土,"tǔ

Tu (ethnic group)",,
推,"tuī

to push",,
推薦,"tuījiàn

to recommend",,
退步,"tuìbù

to do less well than before",,
退休,"tuìxiū

to retire",,
外公,"wàigōng

(coll.) mother's father",,
外婆,"wàipó

(coll.) mother's mother",,
完成,"wánchéng

to complete",,
忘記,"wàngjì

to forget",,
微笑,"wéixiào

smile",,
未來,"wèilái

future",,
位置,"wèizhì

position",,
位子,"wèizi

place",,
文件,"wénjiàn

document",,
文字,"wénzì

character",,
握手,"wòshǒu

to shake hands",,
屋子,"wūzi

house",,
吸收,"xīshōu

to absorb",,
犧牲,"xīshēng

to sacrifice one's life",,
細心,"xìxīn

careful",,
現象,"xiànxiàng

appearance",,
限制,"xiànzhì

to restrict",,
相關,"xiāngguān

related",,
箱子,"xiāngzi

suitcase",,
詳細,"xiángxì

detailed",,
項,"xiàng

back of neck",,
效果,"xiàoguǒ

result",,
協助,"xiézhù

to provide assistance",,
心得,"xīndé

what one has learned (through experience, reading etc)",,
心理,"xīnlǐ

mental",,
信心,"xìnxīn

confidence",,
行為,"xíngwéi

action",,
形容,"xíngróng

to describe",,
醒,"xǐng

to wake up",,
幸虧,"xìngkuī

fortunately",,
修,"xiū

dried meat",,
訓練,"xùnliàn

to train",,
鴨,"yā

duck",,
牙齒,"yáchǐ

tooth",,
嚴重,"yánzhòng

grave",,
眼淚,"yǎnlèi

tears",,
咬,"yǎo

variant of 咬[yao3]",,
也好,"yěhǎo

",,
頁,"yè

page",,
一下子,"yīxiàzi

in a short while",,
一塊,"yīkuài

one block",,
一向,"yīxiàng

always (previously)",,
以來,"yǐlái

since (a previous event)",,
以免,"yǐmiǎn

in order to avoid",,
以為,"yǐwéi

to think (i.e. to take it to be true that ...) (Usually there is an implication that the notion is mistaken – except when expressing one's own current opinion.)",,
以下,"yǐxià

that level or lower",,
一時,"yìshí

a period of time",,
意見,"yìjiàn

idea",,
意外,"yìwài

unexpected",,
擁有,"yǒngyǒu

to have",,
用法,"yòngfǎ

usage",,
用品,"yòngpǐn

articles for use",,
幽默,"yōumò

(loanword) humor",,
尤其,"yóuqí

especially",,
員工,"yuángōng

staff",,
原諒,"yuánliàng

to excuse",,
願望,"yuànwàng

desire",,
閱讀,"yuèdú

to read",,
責任,"zérèn

responsibility",,
暫時,"zhànshí

temporary",,
掌握,"zhǎngwò

to grasp (often fig.)",,
整理,"zhěnglǐ

to arrange",,
正常,"zhèngcháng

regular",,
支,"zhī

to support",,
直到,"zhídào

until",,
職員,"zhíyuán

office worker",,
制度,"zhìdù

system (e.g. political, adminstrative etc)",,
重視,"zhòngshì

to attach importance to sth",,
周圍,"zhōuwéi

surroundings",,
主任,"zhǔrèn

director",,
主意,"zhǔyì

plan",,
抓,"zhuā

to grab",,
狀態,"zhuàngtài

state of affairs",,
追求,"zhuīqiú

to pursue (a goal etc) stubbornly",,
準時,"zhǔnshí

on time",,
仔細,"zǐxì

careful",,
自從,"zìcóng

since (a time)",,
自動,"zìdòng

automatic",,
自信,"zìxìn

to have confidence in oneself",,
自由,"zìyóu

freedom",,
宗教,"zōngjiào

religion",,
總統,"zǒngtǒng

president (of a country)",,
祖父,"zǔfù

father's father",,
祖母,"zǔmǔ

father's mother",,
最初,"zuìchū

first",,
最好,"zuìhǎo

best",,
最佳,"zuìjiā

optimum",,
做事,"zuòshì

to work",,
愛人,"àirén

spouse (PRC)",,
暗,"àn

to close (a door)",,
熬,"áo

to boil",,
擺脫,"bǎituō

to break away from",,
拜訪,"bàifǎng

to pay a visit",,
半數,"bànshù

half the number",,
辦公,"bàngōng

to handle official business",,
棒子,"bàngzi

stick",,
寶寶,"bǎobao

darling",,
報社,"bàoshè

newspaper (i.e. a company)",,
悲劇,"bēijù

tragedy",,
本身,"běnshēn

itself",,
編,"biān

to weave",,
變動,"biàndòng

to change",,
標題,"biāotí

title",,
病毒,"bìngdú

virus",,
薄,"bó

thin",,
薄弱,"bóruò

weak",,
補充,"bǔchōng

to replenish",,
不大,"bùdà

not very",,
不安,"bùān

unpeaceful",,
不成,"bùchéng

won't do",,
不顧,"bùgù

in spite of",,
財富,"cáifù

wealth",,
裁員,"cáiyuán

to cut staff",,
踩,"cǎi

to step on",,
採購,"cǎigòu

to procure (for an enterprise etc)",,
策略,"cèlüè

strategy",,
測量,"cèliáng

survey",,
場合,"chǎnghé

situation",,
超出,"chāochū

to exceed",,
超越,"chāoyuè

to surpass",,
扯,"chě

to pull",,
沉,"chén

to submerge",,
稱,"chēng

to fit",,
撐,"chēng

to support",,
成本,"chéngběn

(manufacturing, production etc) costs",,
成分,"chéngfèn

composition",,
成天,"chéngtiān

(coll.) all day long",,
乘客,"chéngkè

passenger",,
誠懇,"chéngkěn

sincere",,
程序,"chéngxù

procedures",,
出席,"chūxí

to attend",,
初級,"chūjí

junior",,
處處,"chùchù

everywhere",,
傳染,"chuánrǎn

to infect",,
傳說,"chuánshuō

legend",,
湊,"còu

to gather together, pool or collect",,
粗,"cū

remote",,
錯字,"cuòzì

incorrect character",,
措施,"cuòshī

measure",,
打包,"dǎbāo

to wrap",,
大哥,"dàgē

eldest brother",,
大力,"dàlì

energetically",,
大量,"dàliàng

great amount",,
大型,"dàxíng

large",,
大自然,"dàzìrán

nature (the natural world)",,
代價,"dàijià

price",,
貸款,"dàikuǎn

a loan",,
單位,"dānwèi

unit (of measure)",,
耽誤,"dānwù

to delay",,
誕生,"dànshēng

to be born",,
當初,"dāngchū

at that time",,
擋,"dǎng

to resist",,
道路,"dàolù

road",,
得罪,"dézuì

to commit an offense",,
登,"dēng

to scale (a height)",,
登山,"dēngshān

to climb a mountain",,
等不及,"děngbují

can't wait",,
等到,"děngdào

to wait until",,
滴,"dī

a drop",,
地面,"dìmiàn

floor",,
地震,"dìzhèn

earthquake",,
典型,"diǎnxíng

model",,
點燃,"diǎnrán

to ignite",,
電線,"diànxiàn

wire",,
電子,"diànzǐ

electronic",,
跌,"dié

to fall",,
丁,"dīng

fourth of the ten Heavenly Stems 十天干[shi2 tian1 gan1]",,
盯,"dīng

to watch attentively",,
定期,"dìngqí

at set dates",,
丟臉,"diūliǎn

to lose face",,
洞,"dòng

cave",,
凍,"dòng

to freeze",,
獨立,"dúlì

independent",,
賭,"dǔ

to bet",,
對策,"duìcè

countermeasure for dealing with a situation",,
對付,"duìfù

to handle",,
多多,"duōduō

many",,
奪,"duó

to seize",,
躲,"duǒ

to hide",,
發抖,"fādǒu

to tremble",,
發行,"fāxíng

to publish",,
發言,"fāyán

to make a speech",,
繁榮,"fánróng

prosperous",,
反對,"fǎnduì

to fight against",,
反覆,"fǎnfù

repeatedly",,
反面,"fǎnmiàn

reverse side",,
反問,"fǎnwèn

to ask (a question) in reply",,
反正,"fǎnzhèng

anyway",,
返回,"fǎnhuí

to return to",,
犯錯,"fàncuò

to err",,
方案,"fāngàn

plan",,
防,"fáng

to protect",,
防止,"fángzhǐ

to prevent",,
放大,"fàngdà

to enlarge",,
非法,"fēifǎ

illegal",,
肥,"féi

fat",,
肥皂,"féizào

soap",,
廢氣,"fèiqì

exhaust gas",,
分散,"fēnsàn

to scatter",,
紛紛,"fēnfēn

one after another",,
憤怒,"fènnù

angry",,
風險,"fēngxiǎn

risk",,
否認,"fǒurèn

to declare to be untrue",,
夫妻,"fūqī

husband and wife",,
符號,"fúhào

symbol",,
赴,"fù

to go",,
副,"fù

secondary",,
改革,"gǎigé

reform",,
乾脆,"gāncuì

straightforward",,
感情,"gǎnqíng

emotion",,
感染,"gǎnrǎn

infection",,
感受,"gǎnshòu

to sense",,
幹,"gàn

tree trunk",,
港口,"gǎngkǒu

port",,
高峰,"gāofēng

peak",,
高貴,"gāoguì

grandeur",,
高明,"gāomíng

brilliant",,
個別,"gèbié

individual",,
工程,"gōngchéng

engineering",,
公立,"gōnglì

public (e.g. school, hospital)",,
公平,"gōngpíng

fair",,
估計,"gūjì

to estimate",,
鼓,"gǔ

drum",,
鼓勵,"gǔlì

to encourage",,
固定,"gùdìng

to fix",,
故鄉,"gùxiāng

home",,
官員,"guānyuán

official (in an organization or government)",,
關鍵,"guānjiàn

crucial point",,
關上,"guānshàng

to close (a door)",,
管道,"guǎndào

tubing",,
管制,"guǎnzhì

control",,
光線,"guāngxiàn

light ray",,
廣泛,"guǎngfàn

extensive",,
廣闊,"guǎngkuò

wide",,
規定,"guīdìng

provision",,
規畫,"guīhuà

",,
過渡,"guòdù

to cross over (by ferry)",,
過濾,"guòlǜ

to filter",,
過期,"guòqí

to be overdue",,
過世,"guòshì

to die",,
含量,"hánliàng

content",,
合法,"héfǎ

lawful",,
和平,"hépíng

peace",,
黑暗,"hēiàn

dark",,
痕跡,"hénjī

vestige",,
呼吸,"hūxī

to breathe",,
忽視,"hūshì

to neglect",,
花費,"huāfèi

expense",,
化學,"huàxué

chemistry",,
懷孕,"huáiyùn

pregnant",,
壞蛋,"huàidàn

bad egg",,
緩慢,"huǎnmàn

slow",,
幻想,"huànxiǎng

delusion",,
慌,"huāng

to get panicky",,
灰,"huī

ash",,
回頭,"huítóu

to turn round",,
昏倒,"hūndǎo

to faint",,
昏迷,"hūnmí

to lose consciousness",,
混合,"hùnhé

to mix",,
火災,"huǒzāi

fire (that burns buildings etc)",,
或者,"huòzhě

or",,
肌肉,"jīròu

muscle",,
基本上,"jīběnshàng

basically",,
機票,"jīpiào

air ticket",,
即將,"jíjiāng

on the eve of",,
疾病,"jíbìng

disease",,
急忙,"jímáng

hastily",,
技術,"jìshù

technology",,
記住,"jìzhù

to remember",,
加工,"jiāgōng

to process",,
駕駛,"jiàshǐ

to pilot (ship, airplane etc)",,
尖,"jiān

point (of needle)",,
尖銳,"jiānruì

sharp",,
堅定,"jiāndìng

firm",,
交換,"jiāohuàn

to exchange",,
交易,"jiāoyì

(business) transaction",,
接到,"jiēdào

to receive (letter etc)",,
接見,"jiējiàn

to receive sb",,
接近,"jiējìn

to approach",,
街道,"jiēdào

street",,
街頭,"jiētóu

street",,
階段,"jiēduàn

stage",,
結合,"jiéhé

to combine",,
屆,"jiè

to arrive at (place or time)",,
金融,"jīnróng

banking",,
緊急,"jǐnjí

urgent",,
近來,"jìnlái

recently",,
盡力,"jìnlì

to strive one's hardest",,
禁止,"jìnzhǐ

to prohibit",,
經歷,"jīnglì

experience",,
驚人,"jīngrén

astonishing",,
警告,"jǐnggào

to warn",,
競爭,"jìngzhēng

to compete",,
居民,"jūmín

resident",,
鞠躬,"júgōng

to bow",,
聚集,"jùjí

to assemble",,
劇烈,"jùliè

violent",,
卷,"juǎn

to roll (up)",,
捲,"juǎn

to roll (up)",,
決心,"juéxīn

determination",,
開除,"kāichú

to expel",,
砍,"kǎn

to chop",,
看來,"kànlái

apparently",,
抗議,"kàngyì

to protest",,
靠近,"kàojìn

near",,
顆,"kē

classifier for small spheres, pearls, corn grains, teeth, hearts, satellites etc",,
可笑,"kěxiào

funny",,
客戶,"kèhù

client",,
空前,"kōngqián

unprecedented",,
口音,"kǒuyīn

oral speech sounds (linguistics)",,
來往,"láiwǎng

to come and go",,
懶,"lǎn

lazy",,
狼,"láng

wolf",,
浪費,"làngfèi

to waste",,
撈,"lāo

to fish up",,
勞動,"láodòng

work",,
嘮叨,"láodao

to prattle",,
理由,"lǐyóu

reason",,
立即,"lìjí

immediately",,
利潤,"lìrùn

profits",,
聯合,"liánhé

to combine",,
連忙,"liánmáng

promptly",,
連續,"liánxù

continuous",,
臉色,"liǎnsè

complexion",,
糧食,"liángshí

foodstuff",,
倆,"liǎng

two (colloquial equivalent of 兩個|两个)",,
領袖,"lǐngxiù

leader",,
論文,"lùnwén

paper",,
旅行社,"lǚxíngshè

travel agency",,
矛盾,"máodùn

contradiction",,
煤,"méi

coal",,
猛,"měng

ferocious",,
夢想,"mèngxiǎng

(fig.) to dream of",,
棉花,"miánhua

cotton",,
勉強,"miǎnqiǎng

to do with difficulty",,
面對,"miànduì

to confront",,
民眾,"mínzhòng

populace",,
名稱,"míngchēng

name (of a thing)",,
名單,"míngdān

list (of names)",,
命令,"mìnglìng

order",,
命運,"mìngyùn

fate",,
模樣,"móyàng

look",,
目標,"mùbiāo

target",,
目的地,"mùdìdì

destination (location)",,
奶粉,"nǎifěn

powdered milk",,
腦袋,"nǎodai

head",,
農民,"nóngmín

peasant",,
排斥,"páichì

to reject",,
排列,"páiliè

to arrange in order",,
派,"pài

clique",,
披,"pī

to drape over one's shoulders",,
疲勞,"píláo

fatigue",,
平衡,"pínghéng

balance",,
頗,"pǒ

Taiwan pr. [Po3]",,
撲,"pū

to throw oneself at",,
普及,"pǔjí

to spread extensively",,
妻子,"qīzǐ

wife and children",,
起初,"qǐchū

originally",,
汽油,"qìyóu

gasoline",,
器材,"qìcái

equipment",,
器官,"qìguān

organ (part of body tissue)",,
氣氛,"qìfēn

atmosphere",,
遷,"qiān

to move",,
前進,"qiánjìn

to go forward",,
前頭,"qiántou

in front",,
前往,"qiánwǎng

to leave for",,
欠,"qiàn

deficient",,
強大,"qiángdà

large",,
強烈,"qiángliè

intense",,
牆壁,"qiángbì

wall",,
悄悄,"qiǎoqiǎo

quietly",,
清晨,"qīngchén

early morning",,
清醒,"qīngxǐng

clear-headed",,
取消,"qǔxiāo

to cancel",,
全體,"quántǐ

all",,
群,"qún

group",,
燃料,"ránliào

fuel",,
燃燒,"ránshāo

to ignite",,
惹,"rě

to provoke",,
人才,"réncái

talent",,
人工,"réngōng

artificial",,
人權,"rénquán

human rights",,
人體,"réntǐ

human body",,
人心,"rénxīn

popular feeling",,
忍受,"rěnshòu

to bear",,
融化,"rónghuà

to melt",,
榮幸,"róngxìng

honored (to have the privilege of ...)",,
喪失,"sàngshī

to lose",,
沙漠,"shāmò

desert",,
沙灘,"shātān

beach",,
上述,"shàngshù

aforementioned",,
上下,"shàngxià

up and down",,
設立,"shèlì

to set up",,
設置,"shèzhì

to set up",,
伸,"shēn

to stretch",,
神奇,"shénqí

magical",,
神聖,"shénshèng

divine",,
審查,"shěnchá

to examine",,
升高,"shēnggāo

to raise",,
生存,"shēngcún

to exist",,
生長,"shēngzhǎng

to grow",,
省得,"shěngde

to avoid",,
勝利,"shènglì

victory",,
失敗,"shībài

to be defeated",,
失望,"shīwàng

disappointed",,
失業,"shīyè

unemployment",,
時期,"shíqí

period",,
時時,"shíshí

often",,
實施,"shíshī

to implement",,
世紀,"shìjì

century",,
市民,"shìmín

city resident",,
市區,"shìqū

urban district",,
視野,"shìyě

field of view",,
適當,"shìdàng

suitable",,
適用,"shìyòng

to be applicable",,
事件,"shìjiàn

event",,
手段,"shǒuduàn

method",,
手術,"shǒushù

(surgical) operation",,
首都,"shǒudū

capital (city)",,
數量,"shùliàng

amount",,
順序,"shùnxù

sequence",,
私人,"sīrén

private",,
死亡,"sǐwáng

to die",,
四處,"sìchù

all over the place",,
四周,"sìzhōu

all around",,
隨著,"suízhe

along with",,
孫女,"sūnnǚ

son's daughter",,
孫子,"sūnzi

Sun Tzu, also known as Sun Wu 孫武|孙武[Sun1 Wu3] (c. 500 BC, dates of birth and death uncertain), general, strategist and philosopher of the Spring and Autumn Period (700-475 BC), believed to be the author of the “Art of War” 孫子兵法|孙子兵法[Sun1 zi3 Bing1 fa3], one of the Seven Military Classics of ancient China 武經七書|武经七书[Wu3 jing1 Qi1 shu1]",,
抬頭,"táitóu

to raise one's head",,
毯子,"tǎnzi

blanket",,
逃,"táo

to escape",,
提醒,"tíxǐng

to remind",,
天然,"tiānrán

natural",,
天文,"tiānwén

astronomy",,
天真,"tiānzhēn

naive",,
天主教,"tiānzhǔjiào

Catholicism",,
挑選,"tiāoxuǎn

to choose",,
調整,"tiáozhěng

to adjust",,
跳遠,"tiàoyuǎn

long jump (athletics)",,
停止,"tíngzhǐ

to stop",,
同胞,"tóngbāo

born of the same parents",,
頭腦,"tóunǎo

brains",,
投入,"tóurù

to throw into",,
透,"tòu

to penetrate",,
透過,"tòuguò

to pass through",,
突破,"túpò

to break through",,
途徑,"tújìng

way",,
吐,"tǔ

to spit",,
團結,"tuánjié

to unite",,
推動,"tuīdòng

to push (for acceptance of a plan)",,
推廣,"tuīguǎng

to extend",,
歪,"wāi

askew",,
外界,"wàijiè

the outside world",,
外頭,"wàitou

outside",,
彎,"wān

to bend",,
完整,"wánzhěng

complete",,
玩笑,"wánxiào

to joke",,
威脅,"wēixié

to threaten",,
違反,"wéifǎn

to violate (a law)",,
維護,"wéihù

to defend",,
委員,"wěiyuán

committee member",,
衛生紙,"wèishēngzhǐ

toilet paper",,
衛星,"wèixīng

satellite",,
蚊子,"wénzi

mosquito",,
臥房,"wòfáng

bedroom",,
無情,"wúqíng

pitiless",,
無數,"wúshù

countless",,
無意,"wúyì

inadvertent",,
物理,"wùlǐ

physics",,
物質,"wùzhí

matter",,
西裝,"xīzhuāng

suit",,
吸取,"xīqǔ

to absorb",,
細節,"xìjié

details",,
下巴,"xiàba

chin",,
先進,"xiānjìn

advanced (technology)",,
嫌,"xián

to dislike",,
顯然,"xiǎnrán

clear",,
顯著,"xiǎnzhù

outstanding",,
羨慕,"xiànmù

to envy",,
相處,"xiāngchǔ

to be in contact (with sb)",,
相互,"xiānghù

each other",,
相似,"xiāngsì

to resemble",,
想不到,"xiǎngbudào

unexpected",,
享受,"xiǎngshòu

to enjoy",,
向來,"xiànglái

always (previously)",,
項目,"xiàngmù

item",,
消除,"xiāochú

to eliminate",,
消滅,"xiāomiè

to put an end to",,
消失,"xiāoshī

to disappear",,
銷售,"xiāoshòu

to sell",,
小氣,"xiǎoqì

stingy",,
效率,"xiàolǜ

efficiency",,
笑容,"xiàoróng

smile",,
血管,"xiěguǎn

vein",,
血液,"xiěyè

blood",,
新郎,"xīnláng

bridegroom",,
新娘,"xīnniáng

bride",,
新興,"xīnxīng

new",,
信任,"xìnrèn

to trust",,
信仰,"xìnyǎng

to believe in (a religion)",,
信用,"xìnyòng

to trust",,
行程,"xíngchéng

journey",,
行人,"xíngrén

pedestrian",,
選手,"xuǎnshǒu

athlete",,
學歷,"xuélì

educational background",,
學位,"xuéwèi

academic degree",,
學業,"xuéyè

studies",,
循環,"xúnhuán

to cycle",,
壓力,"yālì

pressure",,
嚴格,"yángé

strict",,
嚴肅,"yánsù

solemn",,
延長,"yáncháng

to prolong",,
癌症,"áizhèng

cancer",,
掩蓋,"yǎngài

to conceal",,
搖頭,"yáotóu

to shake one's head",,
藥物,"yàowù

medicaments",,
一一,"yīyī

one by one",,
一旦,"yīdàn

in case (sth happens)",,
一面,"yīmiàn

one side",,
一再,"yīzài

repeatedly",,
移,"yí

to move",,
移民,"yímín

to immigrate",,
儀器,"yíqì

instrument",,
以便,"yǐbiàn

so that",,
一旁,"yīpáng

aside",,
意志,"yìzhì

will",,
因而,"yīnér

therefore",,
因素,"yīnsù

element",,
應當,"yīngdāng

should",,
嬰兒,"yīngér

infant",,
影本,"yǐngběn

copy (of a document)",,
應用,"yìngyòng

to use",,
勇氣,"yǒngqì

courage",,
用具,"yòngjù

appliance",,
優惠,"yōuhuì

preferential",,
郵件,"yóujiàn

mail",,
遊行,"yóuxíng

march",,
猶豫,"yóuyù

to hesitate",,
有利,"yǒulì

advantageous",,
預報,"yùbào

forecast",,
預算,"yùsuàn

budget",,
原料,"yuánliào

raw material",,
原先,"yuánxiān

originally",,
原則,"yuánzé

principle",,
遠大,"yuǎndà

far-reaching",,
月光,"yuèguāng

moonlight",,
運輸,"yùnshū

transport",,
砸,"zá

to smash",,
災害,"zāihài

calamity",,
災難,"zāinàn

disaster",,
在乎,"zàihū

to care about",,
再度,"zàidù

once more",,
贊同,"zàntóng

to approve of",,
葬禮,"zànglǐ

burial",,
糟,"zāo

dregs",,
遭到,"zāodào

to suffer",,
遭受,"zāoshòu

to suffer",,
遭遇,"zāoyù

to meet with",,
展示,"zhǎnshì

to reveal",,
丈夫,"zhàngfū

husband",,
珍惜,"zhēnxí

to treasure",,
爭論,"zhēnglùn

to argue",,
整數,"zhěngshù

whole number",,
正規,"zhèngguī

regular",,
證實,"zhèngshí

to confirm (sth to be true)",,
症狀,"zhèngzhuàng

symptom (of an illness)",,
之類,"zhīlèi

and so on",,
支持,"zhīchí

to be in favor of",,
支援,"zhīyuán

to provide assistance",,
直接,"zhíjiē

direct",,
指導,"zhǐdǎo

to guide",,
志願,"zhìyuàn

aspiration",,
中央,"zhōngyāng

central",,
種類,"zhǒnglèi

kind",,
中毒,"zhòngdú

to be poisoned",,
主辦,"zhǔbàn

to organize",,
主持,"zhǔchí

to take charge of",,
主席,"zhǔxí

chairperson",,
住院,"zhùyuàn

to be in hospital",,
轉變,"zhuǎnbiàn

to change",,
轉身,"zhuǎnshēn

(of a person) to turn round",,
資本,"zīběn

capital (economics)",,
資金,"zījīn

funds",,
自願,"zìyuàn

voluntary",,
總理,"zǒnglǐ

premier",,
走私,"zǒusī

to smuggle",,
足以,"zúyǐ

sufficient to...",,
阻止,"zǔzhǐ

to prevent",,
鑽,"zuān

to drill",,
最少,"zuìshǎo

at least",,
尊重,"zūnzhòng

to esteem",,
左右,"zuǒyòu

left and right",,
作用,"zuòyòng

to act on",,
挨,"āi

in order",,
愛滋病,"àizībìng

variant of 艾滋病[ai4 zi1 bing4]",,
案件,"ànjiàn

case",,
昂貴,"ángguì

expensive",,
八字,"bāzì

the character 8 or 八",,
把手,"bǎshǒu

to shake hands",,
報酬,"bàochóu

reward",,
爆發,"bàofā

to break out",,
碑,"bēi

a monument",,
悲觀,"bēiguān

pessimistic",,
本事,"běnshì

source material",,
崩潰,"bēngkuì

to collapse",,
編輯,"biānjí

to edit",,
貶值,"biǎnzhí

to become devaluated",,
辯護,"biànhù

to speak in defense of",,
必定,"bìdìng

to be bound to",,
必然,"bìrán

inevitable",,
避難,"bìnàn

refuge",,
避孕,"bìyùn

contraception",,
病床,"bìngchuáng

hospital bed",,
病菌,"bìngjùn

harmful bacteria",,
播出,"bòchū

to broadcast",,
不得,"bùdé

must not",,
不及,"bùjí

to fall short of",,
不堪,"bùkān

cannot bear",,
不免,"bùmiǎn

inevitably",,
不容,"bùróng

must not",,
不時,"bùshí

from time to time",,
殘暴,"cánbào

brutal",,
殘酷,"cánkù

cruel",,
慘重,"cǎnzhòng

disastrous",,
蒼蠅,"cāngying

housefly",,
草率,"cǎoshuài

careless",,
查明,"chámíng

to investigate and find out",,
暢銷,"chàngxiāo

to sell well",,
車輛,"chēliàng

vehicle",,
成效,"chéngxiào

effect",,
成員,"chéngyuán

member",,
稱號,"chēnghào

name",,
程式,"chéngshì

form",,
誠摯,"chéngzhì

sincere",,
持平,"chípíng

to stay level (of exchange rate, market share etc)",,
遲鈍,"chídùn

slow in one's reactions",,
充斥,"chōngchì

to be full of",,
衝,"chōng

thoroughfare",,
崇尚,"chóngshàng

to hold up (as an model)",,
抽象,"chōuxiàng

abstract",,
出血,"chūxiě

to bleed",,
傳授,"chuánshòu

to impart",,
垂,"chuí

to hang (down)",,
此刻,"cǐkè

this moment",,
湊巧,"còuqiǎo

fortuitously",,
促成,"cùchéng

to facilitate",,
摧毀,"cuīhuǐ

to destroy",,
催眠,"cuīmián

hypnosis",,
打鬥,"dǎdòu

to fight",,
打量,"dǎliàng

to size sb up",,
打獵,"dǎliè

to go hunting",,
大使,"dàshǐ

ambassador",,
大洋洲,"dàyángzhōu

Oceania",,
單獨,"dāndú

alone",,
導致,"dǎozhì

to lead to",,
當代,"dāngdài

the present age",,
當局,"dāngjú

authorities",,
當前,"dāngqián

current",,
當心,"dāngxīn

to take care",,
瞪,"dèng

to open (one's eyes) wide",,
地表,"dìbiǎo

the surface (of the earth)",,
地步,"dìbù

stage",,
地質,"dìzhí

geology",,
典雅,"diǎnyǎ

refined",,
電工,"diàngōng

electrician",,
端正,"duānzhèng

upright",,
對照,"duìzhào

to contrast",,
多元,"duōyuán

poly-",,
墮胎,"duòtāi

to induce an abortion",,
額外,"éwài

extra",,
惡化,"èhuà

to worsen",,
惡性,"èxìng

malignant",,
惡意,"èyì

malice",,
發作,"fāzuò

to flare up",,
法官,"fǎguān

judge",,
翻身,"fānshēn

to turn over (when lying)",,
反射,"fǎnshè

to reflect",,
反之,"fǎnzhī

on the other hand...",,
妨礙,"fángài

to hinder",,
紡織,"fǎngzhī

spinning and weaving",,
非洲,"fēizhōu

Africa",,
飛快,"fēikuài

very fast",,
飛行,"fēixíng

(of planes etc) to fly",,
肺炎,"fèiyán

pneumonia",,
分貝,"fēnbèi

decibel",,
分辨,"fēnbiàn

to distinguish",,
分級,"fēnjí

to rank",,
分享,"fēnxiǎng

to share (let others have some of sth good)",,
分子,"fēnzǐ

one's share of a gift price",,
粉刷,"fěnshuā

to paint",,
糞,"fèn

manure",,
風暴,"fēngbào

storm",,
風力,"fēnglì

wind force",,
奉獻,"fèngxiàn

to offer respectfully",,
服飾,"fúshì

apparel",,
幅度,"fúdù

width",,
輻射,"fúshè

radiation",,
付款,"fùkuǎn

to pay a sum of money",,
富有,"fùyǒu

rich",,
感性,"gǎnxìng

perception",,
崗位,"gǎngwèi

a post",,
告別,"gàobié

to leave",,
胳膊,"gēbo

arm",,
歌頌,"gēsòng

to sing the praises of",,
疙瘩,"gēda

swelling or lump on skin",,
格式,"géshì

form",,
格外,"géwài

especially",,
各界,"gèjiè

all walks of life",,
給予,"gěiyǔ

to accord",,
跟前,"gēnqián

the front (of)",,
根源,"gēnyuán

origin",,
耕地,"gēngdì

arable land",,
公認,"gōngrèn

publicly known (to be)",,
公務員,"gōngwùyuán

functionary",,
攻,"gōng

to attack",,
攻擊,"gōngjí

to attack",,
共產,"gòngchǎn

communist",,
古怪,"gǔguài

eccentric",,
股市,"gǔshì

stock market",,
鼓吹,"gǔchuī

to agitate for",,
雇,"gù

to employ",,
固有,"gùyǒu

intrinsic to sth",,
固執,"gùzhí

obstinate",,
管子,"guǎnzi

Guanzi or Guan Zhong 管仲 (-645 BC), famous politician of Qi 齊國|齐国 of Spring and Autumn period",,
灌,"guàn

to irrigate",,
規範,"guīfàn

norm",,
歸,"guī

to return",,
歸納,"guīnà

to sum up",,
軌道,"guǐdào

orbit",,
過人,"guòrén

to surpass others",,
海面,"hǎimiàn

sea level",,
海嘯,"hǎixiào

tsunami",,
害蟲,"hàichóng

injurious insect",,
毫不,"háobù

hardly",,
洪水,"hóngshuǐ

deluge",,
呼籲,"hūyù

to call on (sb to do sth)",,
化石,"huàshí

fossil",,
畫面,"huàmiàn

scene",,
患,"huàn

to suffer (from illness)",,
患者,"huànzhě

patient",,
渾身,"húnshēn

all over",,
貨幣,"huòbì

currency",,
機動,"jīdòng

locomotive",,
機率,"jīlǜ

probability",,
及早,"jízǎo

at the earliest possible time",,
極為,"jíwéi

extremely",,
集團,"jítuán

group",,
急救,"jíjiù

first aid",,
急診,"jízhěn

emergency call",,
擊落,"jíluò

to shoot down (a plane)",,
暨,"jì

and",,
劑量,"jìliàng

dosage",,
家屬,"jiāshǔ

family member",,
架構,"jiàgòu

to construct",,
監督,"jiāndū

to control",,
堅信,"jiānxìn

to believe firmly",,
艱難,"jiānnán

difficult",,
簡便,"jiǎnbiàn

simple and convenient",,
簡化,"jiǎnhuà

to simplify",,
見解,"jiànjiě

opinion",,
見識,"jiànshì

to gain first-hand knowledge of sth",,
交談,"jiāotán

to discuss",,
焦急,"jiāojí

anxiety",,
教徒,"jiàotú

disciple",,
皆,"jiē

all",,
接連,"jiēlián

on end",,
解說,"jiěshuō

to explain",,
金錢,"jīnqián

money",,
謹慎,"jǐnshèn

cautious",,
勁,"jìn

strength",,
盡量,"jìnliàng

as much as possible",,
精明,"jīngmíng

astute",,
驚喜,"jīngxǐ

nice surprise",,
警覺,"jǐngjué

to be on guard",,
景象,"jǐngxiàng

scene",,
敬佩,"jìngpèi

to esteem",,
酒精,"jiǔjīng

alcohol",,
救援,"jiùyuán

to save",,
局面,"júmiàn

aspect",,
沮喪,"jǔsàng

dispirited",,
舉例,"jǔlì

to give an example",,
舉止,"jǔzhǐ

bearing",,
抉擇,"juézé

to choose (literary)",,
開頭,"kāitóu

beginning",,
刊物,"kānwù

publication",,
慷慨,"kāngkǎi

vehement",,
考古,"kǎogǔ

archaeology",,
考量,"kǎoliáng

to consider",,
可觀,"kěguān

considerable",,
可行,"kěxíng

feasible",,
客機,"kèjī

passenger plane",,
空難,"kōngnàn

air crash",,
恐嚇,"kǒnghè

to threaten",,
苦難,"kǔnàn

suffering",,
誇耀,"kuāyào

to brag about",,
跨越,"kuàyuè

to step across",,
快速,"kuàisù

fast",,
擴散,"kuòsàn

to spread",,
欄,"lán

fence",,
懶散,"lǎnsǎn

inactive",,
老年,"lǎonián

elderly",,
老鼠,"lǎoshǔ

rat",,
累積,"lěijī

to accumulate",,
罹難,"línàn

to die in an accident or disaster",,
里程,"lǐchéng

mileage (distance traveled)",,
理性,"lǐxìng

reason",,
歷年,"lìnián

over the years",,
聯盟,"liánméng

alliance",,
良機,"liángjī

a good chance",,
臨床,"línchuáng

clinical",,
爐子,"lúzi

stove",,
陸地,"lùdì

dry land (as opposed to the sea)",,
露天,"lùtiān

outdoors",,
論點,"lùndiǎn

argument",,
邁進,"màijìn

to step in",,
漫長,"màncháng

very long",,
毛毯,"máotǎn

blanket",,
冒險,"màoxiǎn

to take risks",,
枚,"méi

classifier for coins, rings, badges, pearls, sporting medals, rockets, satellites etc",,
眉毛,"méimao

eyebrow",,
美洲,"měizhōu

America (including North, Central and South America)",,
明智,"míngzhì

sensible",,
名聲,"míngshēng

reputation",,
命中,"mìngzhòng

to hit (a target)",,
綿延,"miányán

continuous (esp. of mountain ranges)",,
民俗,"mínsú

popular custom",,
敏感,"mǐngǎn

sensitive",,
模式,"móshì

mode",,
默默,"mòmò

in silence",,
某些,"mǒuxiē

some",,
目擊,"mùjí

to see with one's own eyes",,
納稅,"nàshuì

to pay taxes",,
難民,"nànmín

refugee",,
腦海,"nǎohǎi

the mind",,
內戰,"nèizhàn

civil war",,
念頭,"niàntou

thought",,
怒氣,"nùqì

anger",,
排擠,"páijǐ

to crowd out",,
拋棄,"pāoqì

to abandon",,
陪伴,"péibàn

to accompany",,
配給,"pèijǐ

to ration",,
批准,"pīzhǔn

to approve",,
片刻,"piànkè

short period of time",,
評估,"pínggū

to evaluate",,
評價,"píngjià

to evaluate",,
暴露,"pùlù

to expose",,
期望,"qíwàng

to have expectations",,
啟發,"qǐfā

to enlighten",,
氣體,"qìtǐ

gas (i.e. gaseous substance)",,
簽署,"qiānshù

to sign (an agreement)",,
前景,"qiánjǐng

foreground",,
前提,"qiántí

premise",,
潛力,"qiánlì

potential",,
強權,"qiángquán

power",,
翹,"qiào

outstanding",,
侵略,"qīnlüè

invasion",,
侵襲,"qīnxí

to invade",,
求助,"qiúzhù

to request help",,
全力,"quánlì

with all one's strength",,
權力,"quánlì

power",,
權威,"quánwēi

authority",,
確保,"quèbǎo

to ensure",,
確切,"quèqiè

definite",,
人道,"réndào

human sympathy",,
人群,"rénqún

crowd",,
人手,"rénshǒu

manpower",,
人選,"rénxuǎn

choice of person",,
日益,"rìyì

day by day",,
散布,"sànbù

to disseminate",,
騷動,"sāodòng

disturbance",,
擅長,"shàncháng

to be good at",,
上演,"shàngyǎn

to screen (a movie)",,
設施,"shèshī

facilities",,
社區,"shèqū

community",,
攝取,"shèqǔ

to absorb (nutrients etc)",,
攝影機,"shèyǐngjī

camera",,
身為,"shēnwéi

in the capacity of",,
身子,"shēnzi

body",,
神情,"shénqíng

look",,
審核,"shěnhé

to audit",,
審慎,"shěnshèn

prudent",,
生理,"shēnglǐ

physiology",,
生平,"shēngpíng

life (a person's whole life)",,
生前,"shēngqián

(of a deceased) during one's life",,
生態,"shēngtài

ecology",,
生物,"shēngwù

organism",,
升遷,"shēngqiān

promote",,
聲稱,"shēngchēng

to claim",,
盛行,"shèngxíng

to be in vogue",,
失明,"shīmíng

to lose one's eyesight",,
屍體,"shītǐ

dead body",,
石膏,"shígāo

gypsum CaSO4·2(H2O)",,
時光,"shíguāng

time",,
實地,"shídì

on-site",,
士兵,"shìbīng

soldier",,
事故,"shìgù

accident",,
事變,"shìbiàn

incident",,
事態,"shìtài

situation",,
釋放,"shìfàng

to release",,
視為,"shìwéi

to view as",,
手勢,"shǒushì

gesture",,
守護,"shǒuhù

to guard",,
首府,"shǒufǔ

capital city of an autonomous region",,
首席,"shǒuxí

chief (representative, correspondent etc)",,
書本,"shūběn

book",,
雙重,"shuāngchóng

double",,
水力,"shuǐlì

hydraulic power",,
水泥,"shuǐní

cement",,
斯文,"sīwén

refined",,
似的,"sìde

seems as if",,
算命,"suànmìng

fortune-telling",,
損傷,"sǔnshāng

to harm",,
他人,"tārén

another",,
塔,"tǎ

old variant of 塔[ta3]",,
談論,"tánlùn

to discuss",,
彈性,"tánxìng

flexibility",,
堂堂,"tángtáng

grand",,
提倡,"tíchàng

to promote",,
提議,"tíyì

proposal",,
天性,"tiānxìng

nature",,
挑剔,"tiāoti

picky",,
停留,"tíngliú

to stay somewhere temporarily",,
停滯,"tíngzhì

stagnation",,
通報,"tōngbào

to inform",,
通用,"tōngyòng

common (use)",,
透明,"tòumíng

transparent",,
圖畫,"túhuà

drawing",,
土壤,"tǔrǎng

soil",,
推崇,"tuīchóng

to esteem",,
完美,"wánměi

perfect",,
挽救,"wǎnjiù

to save",,
惋惜,"wànxí

to regret",,
威力,"wēilì

might",,
為止,"wéizhǐ

until",,
微小,"wéixiǎo

minute (i.e. extremely small)",,
文明,"wénmíng

civilized",,
穩健,"wěnjiàn

firm",,
問世,"wènshì

to be published",,
無比,"wúbǐ

incomparable",,
無疑,"wúyí

no doubt",,
武裝,"wǔzhuāng

arms",,
物品,"wùpǐn

articles",,
物資,"wùzī

goods",,
誤差,"wùchā

difference",,
襲擊,"xíjí

attack (esp. surprise attack)",,
喜悅,"xǐyuè

happy",,
瑕疵,"xiácī

blemish",,
下筆,"xiàbǐ

to put pen to paper",,
下跌,"xiàdié

to fall",,
下滑,"xiàhuá

sliding",,
鮮明,"xiānmíng

bright",,
陷入,"xiànrù

to sink into",,
現行,"xiànxíng

to be in effect",,
消防,"xiāofáng

firefighting",,
效法,"xiàofǎ

to imitate",,
協調,"xiétiáo

to coordinate",,
協議,"xiéyì

agreement",,
心態,"xīntài

attitude (of the heart)",,
辛勤,"xīnqín

hardworking",,
興建,"xīngjiàn

to build",,
修女,"xiūnǚ

nun or sister (of the Roman Catholic or Greek Orthodox churches)",,
虛心,"xūxīn

open-minded",,
許久,"xǔjiǔ

for a long time",,
許可,"xǔkě

to allow",,
削弱,"xuèruò

to weaken",,
詢問,"xúnwèn

to inquire",,
亞洲,"yàzhōu

Asia",,
研究所,"yánjiùsuǒ

research institute",,
延伸,"yánshēn

to extend",,
延誤,"yánwù

to delay",,
沿海,"yánhǎi

coastal",,
演變,"yǎnbiàn

to develop",,
謠言,"yáoyan

rumor",,
遙遠,"yáoyuǎn

distant",,
要點,"yàodiǎn

main point",,
藥品,"yàopǐn

medicaments",,
依賴,"yīlài

to depend on",,
醫藥,"yīyào

medical care and medicines",,
一度,"yīdù

for a time",,
一貫,"yīguàn

consistent",,
疑慮,"yílǜ

hesitation",,
一如,"yīrú

to be just like",,
一心,"yīxīn

wholeheartedly",,
抑制,"yìzhì

to inhibit",,
意圖,"yìtú

intent",,
異常,"yìcháng

exceptional",,
因果,"yīnguǒ

karma",,
英勇,"yīngyǒng

heroic",,
迎合,"yínghé

to cater to",,
優先,"yōuxiān

to have priority",,
有理,"yǒulǐ

reasonable",,
有限,"yǒuxiàn

limited",,
有意,"yǒuyì

to intend",,
幼稚,"yòuzhì

young",,
愚蠢,"yúchǔn

silly",,
予以,"yǔyǐ

to give",,
預測,"yùcè

to forecast",,
預防,"yùfáng

to prevent",,
預估,"yùgū

to estimate",,
援助,"yuánzhù

to help",,
孕婦,"yùnfù

pregnant woman",,
災禍,"zāihuò

disaster",,
災情,"zāiqíng

disastrous situation",,
增進,"zēngjìn

to promote",,
展望,"zhǎnwàng

outlook",,
嶄新,"zhǎnxīn

brand new",,
顫抖,"zhàndǒu

to shudder",,
戰機,"zhànjī

opportunity in a battle",,
張開,"zhāngkāi

to open up",,
沼澤,"zhǎozé

marsh",,
照例,"zhàolì

as a rule",,
遮蔽,"zhēbì

to cover",,
診斷,"zhěnduàn

diagnosis",,
診所,"zhěnsuǒ

clinic",,
爭辯,"zhēngbiàn

a dispute",,
徵收,"zhēngshōu

to levy (a fine)",,
政權,"zhèngquán

regime",,
支付,"zhīfù

to pay (money)",,
脂肪,"zhīfáng

fat (in the body, in a plant, or in food)",,
殖民,"zhímín

colony",,
職責,"zhízé

duty",,
執著,"zhízhuó

to be strongly attached to",,
只得,"zhǐdé

to have no alternative but to",,
指標,"zhǐbiāo

(production) target",,
指控,"zhǐkòng

accusation",,
指頭,"zhǐtou

finger",,
治療,"zhìliáo

to treat (an illness)",,
致富,"zhìfù

to become rich",,
致意,"zhìyì

to send one's greetings",,
中斷,"zhōngduàn

to cut short",,
中立,"zhōnglì

neutral",,
終結,"zhōngjié

end",,
終究,"zhōngjiù

in the end",,
周密,"zhōumì

careful",,
皺,"zhòu

to wrinkle",,
諸多,"zhūduō

(used for abstract things) a good deal, a lot of",,
逐步,"zhúbù

progressively",,
主義,"zhǔyì

-ism",,
主宰,"zhǔzǎi

to dominate",,
著作,"zhùzuò

to write",,
轉手,"zhuǎnshǒu

to pass on",,
轉眼,"zhuǎnyǎn

in a flash",,
轉移,"zhuǎnyí

to shift",,
裝置,"zhuāngzhì

to install",,
卓越,"zhuóyuè

outstanding",,
姿勢,"zīshì

posture",,
自稱,"zìchēng

to call oneself",,
自覺,"zìjué

conscious",,
自身,"zìshēn

itself",,
自行,"zìxíng

voluntary",,
宗旨,"zōngzhǐ

objective",,
總數,"zǒngshù

total",,
走廊,"zǒuláng

corridor",,
足夠,"zúgòu

enough",,
鑽研,"zuānyán

to study meticulously",,
遵循,"zūnxún

to follow",,
